Date,DataSource,AccurateRecords,TotalRecords,CompleteRecords,ConsistentRecords
2024-01-01,CRM,865,991,976,829
2024-02-01,CRM,928,968,829,820
2024-03-01,CRM,917,957,949,900
2024-04-01,CRM,931,966,862,923
2024-05-01,CRM,919,994,857,958
2024-06-01,CRM,969,983,875,902
2024-07-01,CRM,861,999,878,801
2024-08-01,CRM,881,984,847,848
2024-09-01,CRM,987,990,946,951
2024-10-01,CRM,890,981,896,964
2024-11-01,CRM,891,978,810,843
2024-12-01,CRM,977,996,915,803
2024-01-01,ERP,982,997,872,894
2024-02-01,ERP,938,994,932,973
2024-03-01,ERP,873,957,904,945
2024-04-01,ERP,918,995,944,946
2024-05-01,ERP,878,966,907,859
2024-06-01,ERP,932,964,913,826
2024-07-01,ERP,895,994,810,838
2024-08-01,ERP,893,967,833,848
2024-09-01,ERP,973,992,846,948
2024-10-01,ERP,984,997,842,956
2024-11-01,ERP,910,994,816,962
2024-12-01,ERP,889,972,862,947
2024-01-01,HRMS,940,979,924,838
2024-02-01,HRMS,910,954,859,814
2024-03-01,HRMS,859,993,975,908
2024-04-01,HRMS,893,977,915,856
2024-05-01,HRMS,923,979,964,949
2024-06-01,HRMS,906,970,884,877
2024-07-01,HRMS,906,967,894,858
2024-08-01,HRMS,860,990,903,824
2024-09-01,HRMS,914,964,806,859
2024-10-01,HRMS,919,994,844,800
2024-11-01,HRMS,953,972,965,813
2024-12-01,HRMS,939,980,944,886
2024-01-01,FinanceDB,891,971,956,874
2024-02-01,FinanceDB,904,973,883,938
2024-03-01,FinanceDB,880,966,860,933
2024-04-01,FinanceDB,975,980,922,943
2024-05-01,FinanceDB,856,952,823,821
2024-06-01,FinanceDB,935,973,831,913
2024-07-01,FinanceDB,856,990,967,864
2024-08-01,FinanceDB,944,983,928,895
2024-09-01,FinanceDB,972,997,891,908
2024-10-01,FinanceDB,906,989,869,940
2024-11-01,FinanceDB,913,978,893,862
2024-12-01,FinanceDB,865,950,948,835
2024-01-01,SalesPlatform,932,980,811,927
2024-02-01,SalesPlatform,854,971,829,839
2024-03-01,SalesPlatform,937,997,878,959
2024-04-01,SalesPlatform,851,994,938,899
2024-05-01,SalesPlatform,920,993,830,800
2024-06-01,SalesPlatform,894,974,947,843
2024-07-01,SalesPlatform,875,954,866,896
2024-08-01,SalesPlatform,867,963,921,819
2024-09-01,SalesPlatform,913,951,859,847
2024-10-01,SalesPlatform,875,995,843,888
2024-11-01,SalesPlatform,916,983,964,848
2024-12-01,SalesPlatform,885,986,908,808
